{
    "url": "https://scontent-iad3-1.cdninstagram.com/v/t39.30808-6/439943087_18433767442059463_4826852827077260340_n.jpg?stp=dst-jpg_e35_s1080x1080_sh0.08&_nc_ht=scontent-iad3-1.cdninstagram.com&_nc_cat=107&_nc_ohc=WBUwOO3MsrIQ7kNvgFUV9-h&edm=AP_V10EAAAAA&ccb=7-5&oh=00_AfAHVr2S_iwq-SC5wk040qoQE4XREuAaetJN1rvnpccnBg&oe=664171E4&_nc_sid=2999b8",
    "shortcode": "C6sP2XJLuHS",
    "owner": "infopresidencia",
    "caption": "#GobiernoConLosBarrios | Educaci\u00f3n, cultura, seguridad, tarifas de energ\u00eda, salud y transporte fueron los temas priorizados en la visita del Gobierno al barrio La Magdalena de Barranquilla. \n\nEste martes, el Presidente @gustavopetrourrego junto con el Gabinete llegaron al territorio para atender las necesidades de la poblaci\u00f3n y brindar soluciones pertinentes a sus realidades.",
    "likes": 1590,
    "comments": [
        {
            "user": "joshue__sanchez",
            "text": "Cuando van almenos a ejecutar algo mediante el ministerio de la igualdad pues ya van dos a\u00f1os de creaci\u00f3n y solo burocracia, o hace parte del arreglo con la vice?",
            "likes": 23,
            "timestamp": "2024-05-08 03:00:17"
        },
        {
            "user": "kamehbg",
            "text": "el mejor de todos que gran presidente a fortalecer a la salud en maicao abiertamete somos un pais como mucha fortaleza y buenos referentes politicos que hacen sentar una idea que versatiliza nuestro imagen de produccion",
            "likes": 0,
            "timestamp": "2024-05-08 04:35:57"
        },
        {
            "user": "disfrutabarato",
            "text": "\ud83d\ude02 Puro bla bla trabaja mas una pala empe\u00f1a",
            "likes": 28,
            "timestamp": "2024-05-08 03:05:15"
        },
        {
            "user": "roselverthgomez",
            "text": "\u2764\ufe0f\u2764\ufe0f\ud83d\ude4c\ud83d\udc4f\ud83d\udc4f\ud83d\udc4f\ud83c\udde8\ud83c\uddf4\u270a\ud83c\udffd\ud83d\udcaa\ud83c\udffe\ud83c\udde8\ud83c\uddf4Gracias  mi presidente\ud83d\ude0d\ud83d\ude0d",
            "likes": 1,
            "timestamp": "2024-05-08 04:17:58"
        },
        {
            "user": "kamehbg",
            "text": "Doctor gustavo Petro que buena gesti\u00f3n por aqu\u00ed siempre a la orden me gustar\u00eda en alg\u00fan momento ser parte de majestuosa labor a con nuestro pa\u00eds soy joven colombiano guajiro de Maicao me he visto ha afectado por la falta garant\u00edas en lo social en lo econ\u00f3mico, soy abogado y me defiendo como puedo en este hermoso pa\u00eds mi colombia del alma",
            "likes": 2,
            "timestamp": "2024-05-08 04:15:18"
        },
        {
            "user": "hermisalexanderlondono",
            "text": "AMIG\u00d3 Petro El soldado \ud83e\ude96\ud83e\ude96 el trae suerte,, \u00c9L DON,, El nos hizo con amor,,con respeto,,con paciencia,, doctor y Gran presidente Petro le trae suerte,,\ud83d\udcf7\ud83d\udcf7\ud83d\udcf7\ud83d\udc51\ud83e\udec5\ud83e\udec5\ud83e\udec5La foto amig\u00f3 Family LOS quiero mucho mucho much\u00edsimo \ud83e\udec5\ud83e\udec5\ud83d\udc4f\ud83d\udc4f\ud83d\udc4f Don Petro El actor \ud83d\ude0d\ud83d\udc9b\ud83d\udc9c\ud83e\ude77\ud83e\ude76\u2764\ufe0f\u200d\ud83e\ude79\ud83e\udde1\ud83d\udcaf\ud83d\udcaf\ud83d\udef5\ud83d\udef5 feliz noche prepar\u00e1ndome",
            "likes": 4,
            "timestamp": "2024-05-08 04:27:05"
        },
        {
            "user": "javiergaravitoleon",
            "text": "Si si como no, ratilla Petrillo Fuera",
            "likes": 10,
            "timestamp": "2024-05-08 02:55:02"
        },
        {
            "user": "e______ss______a",
            "text": "Lo mucho que te amo\ud83d\udd25\ud83d\ude4c\u2764\ufe0f",
            "likes": 4,
            "timestamp": "2024-05-08 03:03:27"
        },
        {
            "user": "nacho.durango.9",
            "text": "Esooo... Populismo a diestra y siniestra, mientras se roban lo poquito que queda de estado, usted habla verborrea barata y nubes de humo, diciendo que ordena a minminas rebajar el valor de las cuentas de los servicios b\u00e1sicos, a sabiendas que usted no puede hacer eso, ni interviniendo las empresas transportadoras de energ\u00eda.",
            "likes": 6,
            "timestamp": "2024-05-08 04:02:52"
        },
        {
            "user": "planticasgm",
            "text": "Fuera Petro juicio pol\u00edtico",
            "likes": 14,
            "timestamp": "2024-05-08 03:52:45"
        },
        {
            "user": "jesusmartinpez",
            "text": "Tienen pikazon de kulo los char lovers",
            "likes": 2,
            "timestamp": "2024-05-08 03:02:56"
        },
        {
            "user": "joshue__sanchez",
            "text": "Cu\u00e1nto le vali\u00f3 el silencio de olmedo?",
            "likes": 51,
            "timestamp": "2024-05-08 02:58:19"
        },
        {
            "user": "mickglady",
            "text": "Inventariando necesidades para luego dise\u00f1ar programas sociales que enmascaran el robo de recursos p\u00fablicos",
            "likes": 3,
            "timestamp": "2024-05-08 04:20:31"
        },
        {
            "user": "teoramirez96",
            "text": "Que pesar de los viejitos como el presidente los compra \ud83d\ude22",
            "likes": 18,
            "timestamp": "2024-05-08 03:15:55"
        },
        {
            "user": "marhe26",
            "text": "Petro pagando par\u00e1 que le aprueben las reformas ahora que va decir que fue culpa de Uribe",
            "likes": 10,
            "timestamp": "2024-05-08 03:20:26"
        },
        {
            "user": "grnelida",
            "text": "Usted tiene amenazado a Olmedo L\u00f3pez le tienen miedo Armando Benedetti le tiene miedo A\u00edda merlano le tiene miedo porque los mata como mand\u00f3 a matar el polic\u00eda usted es de lo peor por eso tiene a Laura Sarabia porque le guarda todos sus pecados\ud83d\ude22",
            "likes": 1,
            "timestamp": "2024-05-08 11:23:24"
        },
        {
            "user": "solucionesmoviless_",
            "text": "\ud83e\udd21\ud83e\udd21",
            "likes": 3,
            "timestamp": "2024-05-08 03:42:14"
        },
        {
            "user": "lolita08080617",
            "text": "P O R K E R I A \ud83d\udc79",
            "likes": 6,
            "timestamp": "2024-05-08 03:58:21"
        },
        {
            "user": "adrianamariaortegaangel",
            "text": "Pero No VAN  GRATIS. ...as\u00ed que no se ufane",
            "likes": 4,
            "timestamp": "2024-05-08 03:59:19"
        },
        {
            "user": "dam.acevedo",
            "text": "\ud83e\udd21\ud83e\udd21\ud83e\udd21\ud83e\udd21mermelada por doquier",
            "likes": 31,
            "timestamp": "2024-05-08 03:02:27"
        },
        {
            "user": "edwinc_26",
            "text": "Tomala desde mas legitos para que se vea m\u00e1s gente y diga que ah\u00ed hab\u00edan 100.000 personas.",
            "likes": 15,
            "timestamp": "2024-05-08 03:25:16"
        },
        {
            "user": "alejandro.mora83",
            "text": "#fuerapetro",
            "likes": 8,
            "timestamp": "2024-05-08 04:41:19"
        },
        {
            "user": "guidoaac",
            "text": "Fuera petro",
            "likes": 1,
            "timestamp": "2024-05-08 11:16:08"
        },
        {
            "user": "dihepa",
            "text": "\ud83d\udc00\ud83d\udc00\ud83d\udc00\ud83d\udc00",
            "likes": 6,
            "timestamp": "2024-05-08 03:00:34"
        },
        {
            "user": "josearmando.882",
            "text": "\ud83d\ude02\ud83d\ude02\ud83d\ude02\ud83d\ude02\ud83d\ude02\ud83d\ude02\ud83d\ude02\ud83d\ude02 se\u00f1or Petro su gobierno fue el cambio... El cambio a la derecha el 2026\ud83d\ude02\ud83d\ude02\ud83d\ude02\ud83d\ude02\ud83d\ude02",
            "likes": 10,
            "timestamp": "2024-05-08 03:54:25"
        },
        {
            "user": "__luis.ruiz__",
            "text": "\ud83d\udc4f\ud83c\udffb\ud83d\udc4f\ud83c\udffb\ud83d\udc4f\ud83c\udffb\ud83d\udc4f\ud83c\udffb\ud83d\udc4f\ud83c\udffb\ud83d\udc4f\ud83c\udffb\ud83d\udc4f\ud83c\udffb\ud83d\udc4f\ud83c\udffb\ud83d\udc4f\ud83c\udffb\ud83d\udc4f\ud83c\udffb\ud83d\udc4f\ud83c\udffb estupendo se\u00f1or PETRO",
            "likes": 9,
            "timestamp": "2024-05-08 03:11:53"
        },
        {
            "user": "andreacastanedam11",
            "text": "\ud83d\ude02\ud83d\ude02\ud83d\ude02\ud83d\ude02\ud83e\udd25\ud83e\udd25\ud83e\udd25\ud83e\udd25\ud83e\udd25 YA NO MAS MENTIRAS",
            "likes": 18,
            "timestamp": "2024-05-08 03:02:26"
        },
        {
            "user": "pali369",
            "text": "\ud83e\udd21\ud83e\udd21\ud83e\udd21\ud83e\udd21\ud83e\udd21\ud83e\udd21",
            "likes": 14,
            "timestamp": "2024-05-08 02:51:56"
        },
        {
            "user": "pao_garciam28",
            "text": "De los mismos creadores de \"YO NO LO CRIE\"  Esperaremos el argumento absurdo del se\u00f1or despues de hacerle cap\u00f1a\u00f1a a sus amigos \ud83d\udc00\ud83d\udc00\ud83d\udc00\ud83e\udd23\ud83e\udd23\ud83e\udd23\ud83e\udd23 ahora todos los izquierdistas, justifiquen sin llorar.\ud83d\ude02\ud83d\ude02\ud83d\ude02\ud83d\ude02",
            "likes": 12,
            "timestamp": "2024-05-08 03:28:42"
        },
        {
            "user": "anthonella0915",
            "text": "Populista enga\u00f1ando gente ,usted y Francisco no han hecho nada de servicio.porqueria de gobierno.",
            "likes": 2,
            "timestamp": "2024-05-08 10:50:02"
        },
        {
            "user": "ccanomesa",
            "text": "Sin juegos y pagando los servicios m\u00e1s altos del  pais...\ud83c\udf5e\ud83c\udfaa\ud83e\udd21",
            "likes": 10,
            "timestamp": "2024-05-08 02:58:48"
        },
        {
            "user": "cruznayibeth",
            "text": "Por que acabo con familas  en acci\u00f3n  tocaste el bolsillo de los colombianos y eso fue lo que iso uribe  y por eso se echo la gente ahora usted ase lo mismo  ya no m\u00e1s lo apoye ahora  la misma bulla q le ir\u00e9",
            "likes": 0,
            "timestamp": "2024-05-08 10:34:27"
        },
        {
            "user": "jrm_jrcolmcum",
            "text": "dime de que presumes y te dire de que careces \ud83e\udd21\ud83d\udca9",
            "likes": 3,
            "timestamp": "2024-05-08 02:57:52"
        },
        {
            "user": "carlosframirez",
            "text": "Qui\u00e9n le cree? Si en el gobierno de Duque se Abudinearon 70.000 mil millones en este se est\u00e1 Olmediando casi 2 billones de pesos. Si la derecha robaba la izquierda lleg\u00f3 para demostrar que en menos tiempo lo pod\u00eda hacer mejor. Gobierno de cambio, ja! No me hag\u00e1s re\u00edr ome!",
            "likes": 2,
            "timestamp": "2024-05-08 04:52:34"
        },
        {
            "user": "ropilot",
            "text": "\ud83c\udfaa\ud83c\udfaa\ud83c\udfaa\ud83c\udfaa\ud83c\udfaa\ud83c\udfaa\ud83e\udd21\ud83e\udd21\ud83e\udd21\ud83d\udc00\ud83d\udc00\ud83d\udc00",
            "likes": 4,
            "timestamp": "2024-05-08 03:44:32"
        },
        {
            "user": "wuxiaolongk",
            "text": "\u00bf\u00bf qu\u00e9 pasa con el capital jud\u00edo de Israel y el apoyo de Estados unidos? \u00bf\u00bf no puede cambiar el aislamiento en el escenario internacional? \u00a1\u00a1 muchos pa\u00edses latinoamericanos rompen sus relaciones diplom\u00e1ticas con israel! \u00a1\u00a1 Turqu\u00eda tambi\u00e9n suspendi\u00f3 todo el comercio con israel! \u00a1\u00a1 y m\u00e1s de 140 pa\u00edses reconocen el Estado palestino! \u00bf\u00bf el mundo isl\u00e1mico debe unirse? \u00a1\u00a1 los asi\u00e1ticos, los hispanos y los afrodescendientes os apoyar\u00e1n! \u00a1\u00a1 el movimiento estudiantil de muchas universidades en los Estados unidos! \u00bf\u00bf ves la hipocres\u00eda y el doble est\u00e1ndar de vuestros estadounidenses? \u00bf\u00bf suele se\u00f1alar a otros pa\u00edses con la bandera de un maestro de derechos humanos? \u00a1\u00a1 ahora el boomerang se golpea a s\u00ed mismo! \u00a1\u00a1 la aplicaci\u00f3n grosera de la ley por parte de la polic\u00eda en muchas universidades es un paisaje \u00fanico en los Estados unidos! \u00bfArrestar a la gente casualmente? \u00a1\u00a1 una profesora para proteger a sus estudiantes! \u00bf\u00bf tambi\u00e9n fue brutalmente presionado al suelo por la polic\u00eda? \u00bfEsposado? \u00bf\u00bf d\u00f3nde est\u00e1 su libertad de expresi\u00f3n y sus derechos humanos m\u00e1s b\u00e1sicos? \u00a1\u00a1 las universidades francesas tienen deportes similares! \u00a1\u00a1 y la polic\u00eda francesa habla de civilizaci\u00f3n y respeto de los derechos humanos! \u00a1\u00a1 hay un fuerte contraste con el comportamiento mafioso de vuestra polic\u00eda estadounidense! \u00bf\u00bf solo porque el Primer Ministro israel\u00ed dijo que era antisemita? \u00bf\u00bf ustedes Estados Unidos incluso aprobaron el proyecto de ley antisemita? \u00a1\u00a1 es una verg\u00fcenza para los estadounidenses! \u00bf\u00bf usar el poder p\u00fablico? \u00bf\u00bf falta de respeto a los derechos humanos? \u00bf\u00bf fortalecer el control de la libertad de expresi\u00f3n? \u00bf\u00bf ahora Estados Unidos est\u00e1 controlado por el sionismo? \u00bfEl maestro y el sirviente no distinguen? \u00a1Y el movimiento estudiantil es un movimiento justo! \u00a1\u00a1 un grupo de j\u00f3venes de sangre caliente que aman la paz! \u00a1\u00a1 son antisemitas! \u00a1\u00a1 no tiene nada que ver con el antisemitismo! \u00a1\u00a1 Vuestro comportamiento es encomiable! \u00a1Sigue as\u00ed! \u00a1\u00a1 una chispa puede iniciar un fuego de pradera! \u00a1\u00a1 hace 56 a\u00f1os, el mismo movimiento estudiantil oblig\u00f3 a los pol\u00edticos a poner fin a la guerra de vietnam! \u00a1\u00a1 los pol\u00edticos occidentales solo tienen al Presidente franc\u00e9s macron como un hombre inteligente! \ud83d\ude4c\ud83d\ude4c",
            "likes": 1,
            "timestamp": "2024-05-08 03:13:57"
        },
        {
            "user": "nedato_rock",
            "text": "Incre\u00edble q la gente aun le coma cuento a est\u00e9 culebrero",
            "likes": 2,
            "timestamp": "2024-05-08 03:48:42"
        },
        {
            "user": "21camero",
            "text": "Va a suicidar a olmedo si habla",
            "likes": 8,
            "timestamp": "2024-05-08 03:04:19"
        },
        {
            "user": "que_se_yo_estoy_reloco_2.0",
            "text": "Jajaja qu\u00e9 h0rr0r",
            "likes": 1,
            "timestamp": "2024-05-08 03:33:28"
        },
        {
            "user": "cinsignares",
            "text": "Hoy jefe de las farc dando \u00f3rdenes al ej\u00e9rcito. Falta de huevos los tuyos",
            "likes": 0,
            "timestamp": "2024-05-08 03:23:03"
        },
        {
            "user": "kat31709",
            "text": "Debido a su espantajopisima visita nuestros ni\u00f1os y jovenes no pudieron disfrutar hoy de los que m\u00e1s les.gusta el deporte brutos unos ni\u00f1os en una cancha que pod\u00edan hacer militares hasta en el jopo cual es el miedo no que es el presidente del pueblo",
            "likes": 0,
            "timestamp": "2024-05-08 03:57:29"
        },
        {
            "user": "kamehbg",
            "text": "soy abogado gracias a la ayuda de mi familia que me apoyo desde peque\u00f1o a salir adelante me gustar\u00eda estar, m\u00e1s empapado en negocios m\u00e1s fuertes para el beneficio de nuestro pa\u00eds soy natal de Maicao ser\u00eda muy bueno tener a si sea una finca o una granja que represente mi hermosa familia soy joven de 28 a\u00f1os soltero me defiendo en el sector notarial de Maicao como abogado mi respeto y cari\u00f1o para usted presedente",
            "likes": 0,
            "timestamp": "2024-05-08 04:20:46"
        },
        {
            "user": "ivandariocastanopacheco",
            "text": "Como enga\u00f1an a la gente",
            "likes": 0,
            "timestamp": "2024-05-08 04:24:21"
        },
        {
            "user": "dpipublicidadcali2020",
            "text": "\ud83d\udc4f\ud83d\udc4f\ud83d\udc4fApoyo total al gobierno del cambio \ud83d\udc4f\ud83d\udc4f\ud83d\udc4fExcelente presidente PETRO \ud83d\udc4f\ud83d\udc4f\ud83d\udc4f\ud83d\udc4fel mejor presidente qu\u00e9 ha tenido Colombia \ud83d\udc4f\ud83d\udc4f\ud83d\udc4f\ud83d\udc4f",
            "likes": 0,
            "timestamp": "2024-05-08 04:25:40"
        },
        {
            "user": "kamehbg",
            "text": "Siempre voy a estar agradecido con las personas que me apoyaron fui aspirante al concejo de Maicao, pero alparecer las cosas no se dieron en este momento talvez me falto m\u00e1s preparaci\u00f3n sin embrago soy responsable, a la vez honesto y sincero, puedo ayudar a alguien que realmente lo necesite lo hago porque esa es mi virtud como buen ciudadano que soy.l",
            "likes": 0,
            "timestamp": "2024-05-08 04:26:55"
        },
        {
            "user": "hermisalexanderlondono",
            "text": "Doctor Petro LOS personajes de la historia \ud83d\ude0d\ud83d\ude0d\u2764\ufe0f\ud83d\udc4f\ud83d\udc4f\ud83d\udc4f\u2764\ufe0f\ud83d\ude0d\ud83d\ude0d",
            "likes": 0,
            "timestamp": "2024-05-08 04:28:04"
        },
        {
            "user": "dpipublicidadcali2020",
            "text": "Leo mucho uribestia llor\u00f3n, resentido y con mucho odio en la p\u00e1gina oficial de infopresidencia,",
            "likes": 0,
            "timestamp": "2024-05-08 04:28:30"
        },
        {
            "user": "kamehbg",
            "text": "no se preocupe presidente que vamos pa lante como un chopin soy buen profecional y si no se sobre un tema me asesro mejor como es debido gracias presidente usted siempre muy buena persona",
            "likes": 0,
            "timestamp": "2024-05-08 04:29:55"
        },
        {
            "user": "lilibethtatianaosorio",
            "text": "@gustavopetrourrego Dios permita que le pongas la lupa al tema de transporte de barranquilla porq lo que se observ\u00f3 su ministro y vice tiene la mano mojada \ud83d\udc41\ud83d\udc41\ud83d\udc41\ud83d\udc41",
            "likes": 0,
            "timestamp": "2024-05-08 04:37:17"
        },
        {
            "user": "juanfs9011",
            "text": "Ojal\u00e1 pronto alguno rompa ese pacto de no enlodar a Petro cuando se caen",
            "likes": 0,
            "timestamp": "2024-05-08 04:41:18"
        },
        {
            "user": "chucho_fuentes_0709",
            "text": "Es el fot\u00f3grafo profesional presidencial, agrupa im\u00e1genes de archivo",
            "likes": 0,
            "timestamp": "2024-05-08 04:43:35"
        },
        {
            "user": "barbie_20032023",
            "text": "\ud83d\udc4f\ud83d\udc4f\ud83d\udc4f\u2764\ufe0f con la gente",
            "likes": 0,
            "timestamp": "2024-05-08 05:13:37"
        },
        {
            "user": "felipebetan",
            "text": "SOS una gran infesion.. ojal\u00e1 tu santa madre se este recalentando muchito en la casa del que savemos por haberte tra\u00eddo a este mundo! A ti a todaaaa tu descendencia\ud83e\udd74",
            "likes": 0,
            "timestamp": "2024-05-08 05:22:48"
        },
        {
            "user": "maogonzalez05",
            "text": "Minor\u00eda minor\u00eda \ud83d\udc4f",
            "likes": 0,
            "timestamp": "2024-05-08 05:30:54"
        },
        {
            "user": "alrs001",
            "text": "\ud83d\udc00\ud83d\udc00\ud83d\udc00\ud83d\udc00\ud83d\udc00\ud83d\udc00\ud83d\udc00\ud83d\udc00\ud83d\udc00\ud83d\udc00\ud83d\udc00\ud83d\udc00\ud83d\udc00",
            "likes": 0,
            "timestamp": "2024-05-08 06:10:14"
        },
        {
            "user": "pablo_fm",
            "text": "Lo eligieron para seguir en Campa\u00f1a \ud83d\udc4f\ud83d\udc4f\ud83d\udc4f",
            "likes": 0,
            "timestamp": "2024-05-08 06:18:04"
        },
        {
            "user": "sanchezemily15",
            "text": "\ud83d\udc00\ud83d\udca9",
            "likes": 0,
            "timestamp": "2024-05-08 06:35:34"
        },
        {
            "user": "candelasgodoy",
            "text": "Retiro exitoso de dinero de la plataforma comercial Mrs Cherie Rosario.  Quiero agradecerle y apreciarla \u2764\ufe0f se\u00f1ora Cherie rosario por este gran beneficio.  Realmente eres el mejor entre todos.\n Dios te bendiga siempre por poner una sonrisa en el rostro de tus inversionistas y tambi\u00e9n guiarte y protegerte en todo lo que haces \u2764\ufe0f \ud83d\ude4f@carllisa_cryptos__",
            "likes": 0,
            "timestamp": "2024-05-08 07:22:48"
        },
        {
            "user": "natan_1126",
            "text": "",
            "likes": 0,
            "timestamp": "2024-05-08 07:36:35"
        },
        {
            "user": "mi_cuate_",
            "text": "Yo meto para ese fiabre. Es una mete brillante donde crear\u00e1 un multinivel todos caen eres \u00fanico todos tienen q tener la oportunidad y eres el due\u00f1o del lapicero q mas nos toca chupar perdimos",
            "likes": 0,
            "timestamp": "2024-05-08 07:50:25"
        },
        {
            "user": "simonperezm",
            "text": "Fueron fue a tomar fotos y fresco",
            "likes": 0,
            "timestamp": "2024-05-08 07:52:59"
        },
        {
            "user": "natyjamis",
            "text": "\ud83e\udd21\ud83e\udd21\ud83e\udd21\ud83e\udd21",
            "likes": 0,
            "timestamp": "2024-05-08 08:10:51"
        },
        {
            "user": "douglasamaya50",
            "text": "\ud83e\udd23\ud83e\udd23\ud83e\udd23\ud83e\udd23\ud83e\udd23. Y no hablo de corrupci\u00f3n, nepotismo,  terrorismo, incompetencia y eficiencia en la gesti\u00f3n.  Que son las cosas que su pqeco gobierno no ha hecho? Jajajajajajaja",
            "likes": 0,
            "timestamp": "2024-05-08 08:32:51"
        },
        {
            "user": "edwinfreycontreras",
            "text": "Fuera petro",
            "likes": 0,
            "timestamp": "2024-05-08 08:47:23"
        },
        {
            "user": "amparoclavijo22",
            "text": "Obreros y obreras no se@dejen creer de este protagonista de novela ahora el no sab\u00eda del esc\u00e1ndalo de corrupcion sus colaboradores quer\u00edan q  Aprobaran las reformas del jefe y el inocente nos cree bobos petro",
            "likes": 0,
            "timestamp": "2024-05-08 09:02:14"
        },
        {
            "user": "modestomatute2015",
            "text": "Para los que dec\u00edan que Colombia no ser\u00eda una Venezuela m\u00e1s, pues ya comenz\u00f3 el mal servicio de salud a los profesores, siendo los profesores los primeros en cargar las banderas del socialismo. Pues ah\u00ed tienen y eso es apenas el comienzo.",
            "likes": 0,
            "timestamp": "2024-05-08 09:48:40"
        },
        {
            "user": "glozano79",
            "text": "\ud83e\udd21\ud83e\udd21\ud83e\udd21\ud83e\udd21\ud83e\udd21\ud83e\udd21",
            "likes": 0,
            "timestamp": "2024-05-08 09:54:53"
        },
        {
            "user": "lucym_30",
            "text": "yyyyyyy que soluci\u00f3n? nada lo que sabe es ocultar todo lo malo que hace",
            "likes": 0,
            "timestamp": "2024-05-08 10:11:21"
        },
        {
            "user": "mattyvr29",
            "text": "Va a quitar los subsidios..todo en este desgovierno es una farsa",
            "likes": 0,
            "timestamp": "2024-05-08 10:11:46"
        },
        {
            "user": "charle20171154",
            "text": "Gobierno tan nefasto y podrido ,fuera petro",
            "likes": 0,
            "timestamp": "2024-05-08 10:25:49"
        },
        {
            "user": "rosario.machado90",
            "text": "Siempre hablando. Usted est\u00e1 en campa\u00f1a? Aterrice batracio y haga algo al finnnnnn por colombia dos a\u00f1os y nadaaa",
            "likes": 0,
            "timestamp": "2024-05-08 10:45:12"
        },
        {
            "user": "biblioflorence",
            "text": "\u00a1Adelante presidente! Somos millones quienes sabemos que merece nuestra confianza. \ud83d\udc4f\ud83c\udffd\ud83d\udc4f\ud83c\udffe\ud83d\udc4f\ud83c\udfff\ud83d\udc4f\ud83c\udffc\ud83d\udc4f\ud83c\udfff\ud83d\udc4f\ud83c\udffe\ud83d\udc4f\ud83c\udffd",
            "likes": 0,
            "timestamp": "2024-05-08 10:49:59"
        },
        {
            "user": "agresotta",
            "text": "Pregunt\u00e9 a Char .",
            "likes": 0,
            "timestamp": "2024-05-08 10:59:19"
        },
        {
            "user": "agresotta",
            "text": "\ud83d\udc4f\ud83d\udc4f\ud83d\udc4f",
            "likes": 0,
            "timestamp": "2024-05-08 10:59:37"
        },
        {
            "user": "felicidadysonrisas",
            "text": "\ud83d\udc4f\ud83d\udc4f\ud83d\udc4f\ud83d\udc4f\ud83d\udc4f\ud83d\udc4f\ud83d\ude0dGrande mi presidente",
            "likes": 0,
            "timestamp": "2024-05-08 11:00:24"
        },
        {
            "user": "isabel_1204_d",
            "text": "\ud83d\udc4f\ud83d\udc4f\ud83d\udc4f\ud83d\udc4f\ud83d\udc4f\ud83d\udc4f\ud83d\udc4f\ud83d\udc4f\ud83d\udc4f\ud83d\ude4f\u2764\ufe0f\ud83d\ude4f\u2764\ufe0f\ud83d\ude4f",
            "likes": 0,
            "timestamp": "2024-05-08 11:01:53"
        },
        {
            "user": "nina_y_nino",
            "text": "Bogot\u00e1 se respeta. Le qued\u00f3 tan grande el pa\u00eds que quiere regresar a Bogot\u00e1? Parece que no le qued\u00f3 claro que en Bogot\u00e1 ya no lo quieren",
            "likes": 0,
            "timestamp": "2024-05-08 11:06:08"
        },
        {
            "user": "gladry.rodry",
            "text": "Le va a dar la medalla al m\u00e9rito y un consulado en NARNIA a su compinche de toda la vida Olmedo L\u00f3pez, ya lo tiene de rodilla pidiendo perd\u00f3n?? Son compinches hace muchos a\u00f1os se robaron juntos a Bogot\u00e1, solo que all\u00ed no los pillaron!! De donde se hicieron multimillonarios con sueldos de congresista y embargado??? NAFIE ESTA POR ENCIMA DE LA LEY!!! FUERA PETRO FUERA PETRO FUERA PETRO FUERA PETRO. JUICIO POL\u00cdTICO YA!!!",
            "likes": 0,
            "timestamp": "2024-05-08 11:07:15"
        },
        {
            "user": "yennyysa",
            "text": "Se\u00f1or @gustavopetrourrego cual seguridad? Mientras pide cese al fuego en Israel , en nuestro pa\u00eds matan soldados y Polic\u00eda\u2019s y usted como si nada",
            "likes": 0,
            "timestamp": "2024-05-08 11:11:02"
        },
        {
            "user": "camed76",
            "text": "Demagogia y populismo! Pura campa\u00f1a adelantada del 2026, cuando se sentar\u00e1 a gobernar realmente?",
            "likes": 0,
            "timestamp": "2024-05-08 11:16:56"
        },
        {
            "user": "juan.botero.33671748",
            "text": "Irene Velez??",
            "likes": 0,
            "timestamp": "2024-05-08 11:22:00"
        },
        {
            "user": "alejandro.mora83",
            "text": "#fuerapetro",
            "likes": 0,
            "timestamp": "2024-05-08 11:29:54"
        },
        {
            "user": "adry_duarteb",
            "text": "Petardo \ud83e\udd21",
            "likes": 0,
            "timestamp": "2024-05-08 11:35:53"
        },
        {
            "user": "jgvivero",
            "text": "POPULISTA  LE LLACA LAS FOTOS AL ELN PARA VER A QUIEN SECUESTRAR",
            "likes": 0,
            "timestamp": "2024-05-08 11:51:41"
        },
        {
            "user": "tatianabonilla797",
            "text": "\ud83d\ude02\ud83d\ude02\ud83d\ude02\ud83d\ude02\ud83d\ude02\ud83d\ude02",
            "likes": 0,
            "timestamp": "2024-05-08 11:56:20"
        },
        {
            "user": "tatianabonilla797",
            "text": "Que presidente para no hacer nada",
            "likes": 0,
            "timestamp": "2024-05-08 11:56:44"
        },
        {
            "user": "tatianabonilla797",
            "text": "Ni se ha manifestados por los soldados muertos",
            "likes": 0,
            "timestamp": "2024-05-08 11:57:07"
        },
        {
            "user": "the_lastshirt",
            "text": "GOBIERNO DEL CAMBIO \u2764\ufe0f\u2764\ufe0f\u2764\ufe0f\u2764\ufe0f",
            "likes": 0,
            "timestamp": "2024-05-08 12:08:03"
        },
        {
            "user": "marlenyo2234",
            "text": "Siga enga\u00f1sndo a idi99tas",
            "likes": 0,
            "timestamp": "2024-05-08 12:17:03"
        },
        {
            "user": "manuelparra2100",
            "text": "El gobierno con m\u00e1s esc\u00e1ndalos de corrupci\u00f3n",
            "likes": 0,
            "timestamp": "2024-05-08 12:18:38"
        },
        {
            "user": "lunaperruna6",
            "text": "Oiga Petro ud no aprende de lo que esta pasando en la Unidad de riesgo?  Tiene a lo largo y ancho del Gobierno a personajes de dudosa reputacion que son del equipo del ex alcalde quintero. Ya que pase una vez en una entidad del Gobierno y ud dice que no le da\u00f1en su nombre es una cosa, pero que permita meter a tanta gente de dudosa reputacion en varios cargos de direccion del Gobierno, si deja mucho que pensar",
            "likes": 0,
            "timestamp": "2024-05-08 12:20:18"
        },
        {
            "user": "maoriverosb",
            "text": "\u00a1Ja, ja, jaaaaa!",
            "likes": 0,
            "timestamp": "2024-05-08 12:21:22"
        },
        {
            "user": "viviordonezh",
            "text": "hay Dios",
            "likes": 0,
            "timestamp": "2024-05-08 12:28:32"
        },
        {
            "user": "samirmokdad",
            "text": "TODOS LOS QUE APOYAN AL ENFERMO SON UNOS DISCAPACITADOS MENTALES !",
            "likes": 0,
            "timestamp": "2024-05-08 12:32:31"
        },
        {
            "user": "julimlieva",
            "text": "\ud83d\ude02\ud83d\ude02\ud83d\ude02\ud83d\ude02\ud83d\ude02\ud83d\ude02\ud83d\ude02\ud83d\ude02",
            "likes": 0,
            "timestamp": "2024-05-08 12:35:22"
        },
        {
            "user": "maydnsalinas",
            "text": "fuera petro todas las@marchas las paga a favor de el \ud83d\ude21\ud83d\ude21\ud83d\ude21",
            "likes": 0,
            "timestamp": "2024-05-08 12:48:56"
        },
        {
            "user": "willy.vasquez.7393264",
            "text": "Jajaja veo al uribismo llorando por todos lados porque jam\u00e1s un presidente hab\u00eda hecho estas cosas jajaja",
            "likes": 0,
            "timestamp": "2024-05-08 12:52:39"
        },
        {
            "user": "judithmoralesp",
            "text": "La proxima barrio olaya xf",
            "likes": 0,
            "timestamp": "2024-05-08 12:58:48"
        },
        {
            "user": "sebastiancorreaalvarez",
            "text": "El enga\u00f1a bobos. Cuando estemos todos sumidos en la pobreza, abrir\u00e1n sus ojos",
            "likes": 0,
            "timestamp": "2024-05-08 13:02:52"
        },
        {
            "user": "naticamposc",
            "text": "Lo odi @@@@@@ oooooooooo",
            "likes": 0,
            "timestamp": "2024-05-08 13:07:31"
        },
        {
            "user": "jcrv9617",
            "text": "No sabe nada de los bandidos con los que trabaja, por Dios y ahora olmedo pidiendo perdon mmmmm",
            "likes": 0,
            "timestamp": "2024-05-08 13:12:16"
        },
        {
            "user": "julimlieva",
            "text": "\ud83d\ude02\ud83d\ude02\ud83d\ude02\ud83d\ude02la.foca \ud83d\ude02\ud83d\ude02\ud83d\ude02",
            "likes": 0,
            "timestamp": "2024-05-08 13:17:34"
        },
        {
            "user": "contrerasubaldo08",
            "text": "Excelente sr presidente petro \ud83d\udc4f\ud83d\udc4f",
            "likes": 0,
            "timestamp": "2024-05-08 13:20:15"
        },
        {
            "user": "h3idyzafra",
            "text": "Petro\u2764\ufe0f\u2764\ufe0f\u2764\ufe0f\u2764\ufe0f\u2764\ufe0f\u2764\ufe0f",
            "likes": 0,
            "timestamp": "2024-05-08 13:22:38"
        },
        {
            "user": "nancy_janeth_moreno_mendoza",
            "text": "\ud83d\ude02\ud83d\ude02\ud83d\ude02\ud83d\ude02\ud83d\ude02\ud83d\ude02\ud83d\ude02\ud83d\ude02\ud83d\ude02\ud83d\ude02\ud83d\ude02\ud83d\ude02que circo listos para la foto \ud83d\ude02\ud83d\ude02\ud83d\ude02\ud83d\ude02\ud83d\ude02\ud83d\ude02\ud83d\ude02\ud83d\ude02",
            "likes": 0,
            "timestamp": "2024-05-08 13:30:35"
        }
    ]
}