{
    "url": "https://scontent-iad3-2.cdninstagram.com/v/t39.30808-6/442417613_18436416874059463_541558824748151052_n.jpg?stp=dst-jpg_e15&_nc_ht=scontent-iad3-2.cdninstagram.com&_nc_cat=1&_nc_ohc=dxirNo51-WIQ7kNvgHvWr_K&edm=APU89FAAAAAA&ccb=7-5&oh=00_AYBEKM2yk4ubb_G-NvK1kIhnqUIirztg-CtCgAqZ52duPQ&oe=6653567D&_nc_sid=bc0c2c",
    "shortcode": "C7QRO4sMy8u",
    "owner": "gustavopetrourrego",
    "caption": "En el D\u00eda de la Afrocolombianidad, el Gobierno del Cambio, a trav\u00e9s del @minagriculturacol y la @agenciatierras, entreg\u00f3 t\u00edtulos colectivos de 3.000 hect\u00e1reas de tierra a comunidades negras en siete departamentos del pa\u00eds: La Guajira, C\u00f3rdoba, Putumayo, Atl\u00e1ntico, Bol\u00edvar, Valle del Cauca y Guaviare. \ud83e\uddd1\ud83c\udffd\u200d\ud83c\udf3e\n\nEsta entrega beneficia a m\u00e1s de 1.046 familias de 19 consejos comunitarios y representa un avance significativo para la Reforma Agraria y la soberan\u00eda alimentaria. \ud83c\udf3e",
    "likes": 531,
    "comments": [
        {
            "user": "jsebastian.perez",
            "text": "\ud83d\udc4f\ud83d\udc4f\ud83d\udc4f\ud83d\udc4f\ud83d\udc4f\ud83d\udc4f\ud83d\udc4f\ud83d\udc4f",
            "likes": 3,
            "timestamp": "2024-05-22 03:25:43"
        },
        {
            "user": "bmpomar",
            "text": "Solo mentiras",
            "likes": 5,
            "timestamp": "2024-05-22 03:08:53"
        },
        {
            "user": "lexrodriguezhenao",
            "text": "\ud83d\ude4c\ud83d\ude4c\ud83d\ude4c \ud83d\udc4f\ud83d\udc4f\ud83d\udc4f\ud83d\udc4f",
            "likes": 1,
            "timestamp": "2024-05-22 04:19:06"
        },
        {
            "user": "augustodelgado12",
            "text": "",
            "likes": 1,
            "timestamp": "2024-05-22 04:37:09"
        },
        {
            "user": "amore_mioquibdo",
            "text": "Se\u00f1or y el. Cauca para cuando usted est\u00e1 dejando que los grupos armados acaben el. Pa\u00eds que este pa\u00eds se unda m\u00e1s no veo la hora que se termine su mandato.. Y eso de ser reelegido ni crea payaso",
            "likes": 1,
            "timestamp": "2024-05-22 03:41:26"
        },
        {
            "user": "alejandro.mora83",
            "text": "#fuerapetro",
            "likes": 1,
            "timestamp": "2024-05-22 03:56:22"
        },
        {
            "user": "jaime.abm",
            "text": "Y mientras tanto este platanal hecho m13rd4...",
            "likes": 2,
            "timestamp": "2024-05-22 03:04:41"
        },
        {
            "user": "iglandy",
            "text": "Por m\u00e1s tierras para los Afro",
            "likes": 2,
            "timestamp": "2024-05-22 03:05:16"
        },
        {
            "user": "bameli.58",
            "text": "Huy y donde est\u00e1 el presidente o la viceministra o la ministra de agricultura o el ministro del interior. Huuuu que raro no les parece !!!!",
            "likes": 1,
            "timestamp": "2024-05-22 03:44:01"
        },
        {
            "user": "alvarezyhoana",
            "text": "MUY BIEN POR LAS VICTIMAS, QUE MAL POR LOS QUE TRABAJAMOS Y NO LES RECONOCIERON SUS HONORARIOS Y POR LA VIA LEGAL .....\ud83d\udd25",
            "likes": 0,
            "timestamp": "2024-05-22 03:10:29"
        },
        {
            "user": "jul_dz81",
            "text": "\ud83d\ude02\ud83d\ude02\ud83d\ude02",
            "likes": 0,
            "timestamp": "2024-05-22 03:27:46"
        },
        {
            "user": "cinsignares",
            "text": "Petro ahora lo de los audios es \"inteligencia artificial\"? Fijo dales con esa excusa porque tu nunca tienes la culpa de TU Desgobierno",
            "likes": 3,
            "timestamp": "2024-05-22 03:36:51"
        },
        {
            "user": "davidparrarias",
            "text": "eso que se vea algo , hagan algo , trabajen , hace lo m\u00ednimo y con eso creen que traman",
            "likes": 6,
            "timestamp": "2024-05-22 02:40:31"
        },
        {
            "user": "andrestrujillo281",
            "text": "Se\u00f1or, esos audios de su ministro de salud es una burla al pueblo, al que tanto Ud defiende y nombra y bla, bla, sea serio y trabaje.",
            "likes": 11,
            "timestamp": "2024-05-22 03:01:08"
        },
        {
            "user": "ieafelipe1",
            "text": "Un payaso que le qued\u00f3 grande gobernar el pa\u00eds, un verdadero fiasco, mientras los grupos subversivos se toman el pa\u00eds",
            "likes": 4,
            "timestamp": "2024-05-22 03:03:38"
        },
        {
            "user": "carlosandresmontoyabrochero",
            "text": "Robando \ud83d\udc00  sabroso con esto tapa la sobrosura de corrupci\u00f3n don \ud83d\udc2d",
            "likes": 1,
            "timestamp": "2024-05-22 03:31:55"
        },
        {
            "user": "juan30750",
            "text": "El gobierno m\u00e1s co.rru.p.to de la historia",
            "likes": 1,
            "timestamp": "2024-05-22 04:53:38"
        },
        {
            "user": "elazarshawar",
            "text": "Deja de desviar la atenci\u00f3n Kakss",
            "likes": 2,
            "timestamp": "2024-05-22 03:09:02"
        },
        {
            "user": "rudolfherrera",
            "text": "FUERA PETRO FUERA PETRO FUERA PETRO FUERA PETRO FUERA PETRO FUERA PETRO",
            "likes": 1,
            "timestamp": "2024-05-22 03:20:10"
        },
        {
            "user": "libertaria_hasta_en_los_huesos",
            "text": "La salud de los maestros est\u00e1 tan ca\u00edda como el pelo del KKs, ojo, pr\u00f3ximamente esperalo para todo el resto de Colombianos \ud83d\ude02\ud83d\ude02\ud83d\ude02\ud83d\ude02\ud83d\ude02\ud83d\ude02\ud83d\ude02\ud83d\ude02\ud83d\ude02\ud83d\ude02",
            "likes": 2,
            "timestamp": "2024-05-22 04:44:00"
        },
        {
            "user": "wuxiaolongk",
            "text": "\u00bfRecuerdas al mocoso Mark Zuckerberg? \u00a1El v\u00eddeo de la tarjeta anterior es de la plataforma X! \u00a1Y m\u00faltiples figuras p\u00fablicas retuitearon y revelaron informaci\u00f3n verdadera! \u00bfDe qu\u00e9 tipo de violencia sangrienta est\u00e1s hablando en Facebook? \u00bfA\u00fan no puedes verlo? \u00a1Como chinos, creemos en ser rectos y pr\u00e1cticos! \u00bfNo puedo iniciar sesi\u00f3n en mis dos cuentas de Facebook? \u00bfY tengo cinco m\u00e9todos de verificaci\u00f3n? \u00bfHas perdido la cara en los c\u00edrculos sociales? \u00a1T\u00fa, Mark Zuckerberg, pareces un payaso delante de m\u00ed! \u00a1Tu Facebook e Instagram son c\u00f3mplices del sionismo! \u00a1Masacre indirectamente a civiles palestinos! \u00a1La comunidad internacional debe unirse! \u00a1Extremistas israel\u00edes atacan abiertamente un cami\u00f3n de suministros humanitarios! \u00a1Dispara a empleados y personal de agencias relacionadas con las Naciones Unidas! \u00a1Caus\u00f3 m\u00e1s v\u00edctimas que los 20 a\u00f1os de guerra contra el terrorismo de los estadounidenses en el Medio Oriente! \u00a1Mujeres y ni\u00f1os mueren todos los d\u00edas en las masacres israel\u00edes! \u00a1Israel est\u00e1 cometiendo genocidio en Palestina!  Tu viejo, Biden, tiene pol\u00edticas ca\u00f3ticas, \u00bfverdad? \u00bfEst\u00e1 empeorando la enfermedad de Alzheimer? \u00bfApoya la soluci\u00f3n de dos Estados?  Por un lado, \u00bflo vuelve a vetar?  Por un lado, \u00bfdejar que Israel reduzca las bajas civiles? \u00a1Por un lado, aumentaron el suministro de armas y municiones para masacrar a civiles! \u00bfAvivando las llamas? \u00bfQuieres jugar a bombero y apagar incendios? \u00bfContradictorio? \u00bfEres t\u00fa, Biden, tan descarado? \u00a1Sentado en el asiento del Presidente de los Estados Unidos! \u00a1Pero no hay un liderazgo equivalente! \u00bfAlgunos pol\u00edticos occidentales te siguen, Biden, como moscas sin cabeza? \u00a1Estoy hablando de ti, Sunak! \u00a1Realmente vergonzoso! \u00a1El deporte escolar es un acto de paz y justicia! \u00a1La paz prevalecer\u00e1 y la justicia prevalecer\u00e1! \u00a1La tendencia general es lo que quiere la gente! \u00a1T\u00fa, Biden, tampoco puedes hacer lo que quieres!  19 de mayo de 2024\u2764\ufe0f\u2764\ufe0f\u2764\ufe0f\u2764\ufe0f",
            "likes": 0,
            "timestamp": "2024-05-22 03:57:27"
        }
    ]
}